Actual,Predicted
110.0,74.09526629879625
200.0,218.41170688389764
120.0,67.07609957700919
220.0,172.6880368598138
190.0,209.26697287908084
